<?xml version="1.0" encoding="UTF-8"?>
<config xmlns="http://www.knime.org/2008/09/XMLConfig" xmlns:xsi="http://www.w3.org/2001/XMLSchema-instance" xsi:schemaLocation="http://www.knime.org/2008/09/XMLConfig http://www.knime.org/XMLConfig_2008_09.xsd" key="MiningSchema">
    <config key="learning">
        <entry key="array-size" type="xint" value="57"/>
        <entry key="0" type="xstring" value="word_freq_make"/>
        <entry key="1" type="xstring" value="word_freq_address"/>
        <entry key="2" type="xstring" value="word_freq_all"/>
        <entry key="3" type="xstring" value="word_freq_3d"/>
        <entry key="4" type="xstring" value="word_freq_our"/>
        <entry key="5" type="xstring" value="word_freq_over"/>
        <entry key="6" type="xstring" value="word_freq_remove"/>
        <entry key="7" type="xstring" value="word_freq_internet"/>
        <entry key="8" type="xstring" value="word_freq_order"/>
        <entry key="9" type="xstring" value="word_freq_mail"/>
        <entry key="10" type="xstring" value="word_freq_receive"/>
        <entry key="11" type="xstring" value="word_freq_will"/>
        <entry key="12" type="xstring" value="word_freq_people"/>
        <entry key="13" type="xstring" value="word_freq_report"/>
        <entry key="14" type="xstring" value="word_freq_addresses"/>
        <entry key="15" type="xstring" value="word_freq_free"/>
        <entry key="16" type="xstring" value="word_freq_business"/>
        <entry key="17" type="xstring" value="word_freq_email"/>
        <entry key="18" type="xstring" value="word_freq_you"/>
        <entry key="19" type="xstring" value="word_freq_credit"/>
        <entry key="20" type="xstring" value="word_freq_your"/>
        <entry key="21" type="xstring" value="word_freq_font"/>
        <entry key="22" type="xstring" value="word_freq_000"/>
        <entry key="23" type="xstring" value="word_freq_money"/>
        <entry key="24" type="xstring" value="word_freq_hp"/>
        <entry key="25" type="xstring" value="word_freq_hpl"/>
        <entry key="26" type="xstring" value="word_freq_george"/>
        <entry key="27" type="xstring" value="word_freq_650"/>
        <entry key="28" type="xstring" value="word_freq_lab"/>
        <entry key="29" type="xstring" value="word_freq_labs"/>
        <entry key="30" type="xstring" value="word_freq_telnet"/>
        <entry key="31" type="xstring" value="word_freq_857"/>
        <entry key="32" type="xstring" value="word_freq_data"/>
        <entry key="33" type="xstring" value="word_freq_415"/>
        <entry key="34" type="xstring" value="word_freq_85"/>
        <entry key="35" type="xstring" value="word_freq_technology"/>
        <entry key="36" type="xstring" value="word_freq_1999"/>
        <entry key="37" type="xstring" value="word_freq_parts"/>
        <entry key="38" type="xstring" value="word_freq_pm"/>
        <entry key="39" type="xstring" value="word_freq_direct"/>
        <entry key="40" type="xstring" value="word_freq_cs"/>
        <entry key="41" type="xstring" value="word_freq_meeting"/>
        <entry key="42" type="xstring" value="word_freq_original"/>
        <entry key="43" type="xstring" value="word_freq_project"/>
        <entry key="44" type="xstring" value="word_freq_re"/>
        <entry key="45" type="xstring" value="word_freq_edu"/>
        <entry key="46" type="xstring" value="word_freq_table"/>
        <entry key="47" type="xstring" value="word_freq_conference"/>
        <entry key="48" type="xstring" value="char_freq_;"/>
        <entry key="49" type="xstring" value="char_freq_("/>
        <entry key="50" type="xstring" value="char_freq_["/>
        <entry key="51" type="xstring" value="char_freq_!"/>
        <entry key="52" type="xstring" value="char_freq_$"/>
        <entry key="53" type="xstring" value="char_freq_#"/>
        <entry key="54" type="xstring" value="capital_run_length_average"/>
        <entry key="55" type="xstring" value="capital_run_length_longest"/>
        <entry key="56" type="xstring" value="capital_run_length_total"/>
    </config>
    <config key="target">
        <entry key="array-size" type="xint" value="1"/>
        <entry key="0" type="xstring" value="spam"/>
    </config>
</config>
